1;Greta;Roberts;+49253986916;GRoberts@mail.com
2;Cynthia;King;+48334991607;CKing@mail.com
3;Andrea;Justice;+33416943932;AJustice@mail.com
4;Sib;Washington;+48572531984;SWashington@mail.com
5;Krissy;Woodard;+33250550784;KWoodard@mail.com
6;Leeann;Bishop;+46583603509;LBishop@mail.com
7;Tiphanie;Stokes;+46869571105;TStokes@mail.com
8;Madlin;Abbott;+33154370365;MAbbott@mail.com
9;Birdie;Kent;+48328873292;BKent@mail.com
10;Hedi;Flowers;+32919461487;HFlowers@mail.com
11;Dell;Cohen;+48799540755;DCohen@mail.com
12;Beverley;Hogan;+32378443389;BHogan@mail.com
13;Fay;Livingston;+31434496280;FLivingston@mail.com
14;Brinn;Kidd;+34650635237;BKidd@mail.com
15;Tabbi;Johnson;+3483797000;TJohnson@mail.com
16;Annabelle;Morrow;+34253422498;AMorrow@mail.com
17;Katusha;Burns;+32269755761;KBurns@mail.com
18;Serene;Boyer;+49439225325;SBoyer@mail.com
19;Jolyn;Rodgers;+3482045627;JRodgers@mail.com
20;Sheena;Frank;+32876278126;SFrank@mail.com
21;Lanae;Bernstein;+48902943367;LBernstein@mail.com
22;Muire;Roth;+34708376148;MRoth@mail.com
23;Shae;Barnett;+46122868500;SBarnett@mail.com
24;Colline;Dunlap;+47278745851;CDunlap@mail.com
25;Grata;Tuttle;+48256373919;GTuttle@mail.com
26;Shirleen;Mueller;+4953194986;SMueller@mail.com
27;Leigha;Batchelor;+33118744392;LBatchelor@mail.com
28;Maurizia;Woodruff;+31527698664;MWoodruff@mail.com
29;Ronica;Henson;+31973359363;RHenson@mail.com
30;Audra;Frost;+49155577654;AFrost@mail.com
31;Benetta;Barrett;+47809975966;BBarrett@mail.com
32;Ferdinanda;Vaughan;+49579425459;FVaughan@mail.com
33;Amalie;Barbour;+47164088852;ABarbour@mail.com
34;Carlita;Foley;+46702939947;CFoley@mail.com
35;Sherline;Rodriguez;+49137522936;SRodriguez@mail.com
36;Florie;Cooper;+32387816028;FCooper@mail.com
37;Judye;Price;+49530415148;JPrice@mail.com
38;Toni;Moser;+49810855796;TMoser@mail.com
39;Cary;Avery;+48244741758;CAvery@mail.com
40;Demetris;Gibbons;+31766451962;DGibbons@mail.com
41;Nerti;Hong;+32369547250;NHong@mail.com
42;Cal;Brock;+31449601321;CBrock@mail.com
43;Odetta;Gallagher;+32608031192;OGallagher@mail.com
44;Kelsey;Mercer;+49504604038;KMercer@mail.com
45;Domeniga;McGee;+46956649212;DMcGee@mail.com
46;Marcela;Hood;+31374605341;MHood@mail.com
47;Imelda;McKenna;+32796384380;IMcKenna@mail.com
48;Selene;Stokes;+31237135740;SStokes@mail.com
49;Tom;Marshall;+32806345356;JMarshall@mail.com
50;Tomas;Mayo;+4960806025;PMayo@mail.com
51;Ferdinande;Kelly;+34359847175;FKelly@mail.com
52;Helena;Langston;+48568313192;HLangston@mail.com
53;Suellen;Kinney;+31313131587;SKinney@mail.com
54;Aaren;McNeill;+33140913835;AMcNeill@mail.com
55;Anallise;Fisher;+31346882492;AFisher@mail.com
56;Brear;Gordon;+31949521006;BGordon@mail.com
57;Stevena;Elliott;+47270693106;SElliott@mail.com
58;Janis;Hendricks;+49847580748;JHendricks@mail.com
59;Joycelin;Kidd;+33950641158;JKidd@mail.com
60;Prudy;Beck;+47810884840;PBeck@mail.com
61;Dodie;Rowland;+34770128136;DRowland@mail.com
62;Danell;Wall;+31959475674;DWall@mail.com
63;Sandra;Sanford;+49784138934;SSanford@mail.com
64;Coral;Stark;+47446799771;CStark@mail.com
65;Clea;Upchurch;+49977078210;CUpchurch@mail.com
66;Charis;Finley;+32751266098;CFinley@mail.com
67;Adey;Farrell;+47284339665;AFarrell@mail.com
68;Dode;Rowe;+47155365247;DRowe@mail.com
69;Milena;Hamilton;+49287764423;MHamilton@mail.com
70;Jaquith;Edwards;+47447506115;JEdwards@mail.com
71;Tomasina;Craven;+32745144884;TCraven@mail.com
72;Roxi;Gates;+31131726042;RGates@mail.com
73;Sisile;Neal;+48363930146;SNeal@mail.com
74;Zora;Wagner;+34680430564;ZWagner@mail.com
75;Ara;Edwards;+48479289492;AEdwards@mail.com
76;Robyn;Zhang;+31615319605;RZhang@mail.com
77;Jermaine;Crane;+46546689858;JCrane@mail.com
78;Cathi;Greer;+47451655462;CGreer@mail.com
79;Bernadina;Blanton;+49609143834;BBlanton@mail.com
80;Tasha;McIntyre;+46791029697;TMcIntyre@mail.com
81;Dalenna;Stark;+34149284277;DStark@mail.com
82;Nertie;Hanson;+3497784689;NHanson@mail.com
83;April;Peck;+34986421865;APeck@mail.com
84;Kary;Huffman;+46944246121;KHuffman@mail.com
85;Livvy;Weinstein;+34128741754;LWeinstein@mail.com
86;Alejandrina;Owen;+49759922980;AOwen@mail.com
87;Papagena;Rogers;+34740795713;PRogers@mail.com
88;Henrietta;Sanders;+31369830789;HSanders@mail.com
89;Devin;Gillespie;+47636445871;DGillespie@mail.com
90;Zelma;Parks;+33857095022;ZParks@mail.com
91;Jourdan;Lehman;+33957416415;JLehman@mail.com
92;Laney;Joseph;+49534990087;LJoseph@mail.com
93;Tabbi;Pritchard;+31947609371;TPritchard@mail.com
94;Ynes;Morgan;+3163571026;YMorgan@mail.com
95;Benni;Gold;+32983340909;BGold@mail.com
96;Lenette;Coleman;+48996053401;LColeman@mail.com
97;Sydney;Simon;+49269654216;SSimon@mail.com
98;Chicky;Richards;+31290098279;CRichards@mail.com
99;Davita;Reeves;+47862865325;DReeves@mail.com
100;Kaila;Fowler;+34569157933;KFowler@mail.com